{
	"dependencies" : 
	[
		"materials/workshop/3624404304/effects/localcontrast_downsample4.json",
		"materials/workshop/3624404304/effects/localcontrast_gaussian_x.json",
		"materials/workshop/3624404304/effects/localcontrast_gaussian_y.json",
		"materials/workshop/3624404304/effects/localcontrast_combine.json",
		"shaders/workshop/3624404304/effects/localcontrast_downsample4.frag",
		"shaders/workshop/3624404304/effects/localcontrast_downsample4.vert",
		"shaders/workshop/3624404304/effects/localcontrast_gaussian.frag",
		"shaders/workshop/3624404304/effects/localcontrast_gaussian.vert",
		"shaders/workshop/3624404304/effects/localcontrast_combine.frag",
		"shaders/workshop/3624404304/effects/localcontrast_combine.vert"
	],
	"description" : "ui_editor_effect_local_contrast_description",
	"fbos" : 
	[
		{
			"format" : "rgba8888",
			"name" : "_rt_QuarterCompoBuffer1",
			"scale" : 4
		},
		{
			"format" : "rgba8888",
			"name" : "_rt_QuarterCompoBuffer2",
			"scale" : 4
		}
	],
	"group" : "enhance",
	"name" : "ui_editor_effect_local_contrast_title",
	"passes" : 
	[
		{
			"bind" : 
			[
				{
					"index" : 0,
					"name" : "previous"
				}
			],
			"material" : "materials/workshop/3624404304/effects/localcontrast_downsample4.json",
			"target" : "_rt_QuarterCompoBuffer1"
		},
		{
			"bind" : 
			[
				{
					"index" : 0,
					"name" : "_rt_QuarterCompoBuffer1"
				}
			],
			"material" : "materials/workshop/3624404304/effects/localcontrast_gaussian_x.json",
			"target" : "_rt_QuarterCompoBuffer2"
		},
		{
			"bind" : 
			[
				{
					"index" : 0,
					"name" : "_rt_QuarterCompoBuffer2"
				}
			],
			"material" : "materials/workshop/3624404304/effects/localcontrast_gaussian_y.json",
			"target" : "_rt_QuarterCompoBuffer1"
		},
		{
			"bind" : 
			[
				{
					"index" : 0,
					"name" : "_rt_QuarterCompoBuffer1"
				},
				{
					"index" : 2,
					"name" : "previous"
				}
			],
			"material" : "materials/workshop/3624404304/effects/localcontrast_combine.json"
		}
	],
	"performance" : "expensive",
	"preview" : "preview/project.json",
	"replacementkey" : "localcontrast",
	"version" : 1
}