{
	"dependencies" : 
	[
		"materials/workshop/3423233441/effects/shake.json",
		"shaders/workshop/3423233441/effects/shake.frag",
		"shaders/workshop/3423233441/effects/shake.vert"
	],
	"description" : "ui_editor_effect_shake_description",
	"group" : "animate",
	"name" : "ui_editor_effect_shake_title",
	"passes" : 
	[
		{
			"material" : "materials/workshop/3423233441/effects/shake.json"
		}
	],
	"preview" : "preview/project.json",
	"replacementkey" : "shake",
	"version" : 1
}