{
	"dependencies" : 
	[
		"materials/workshop/3423233441/effects/blur_precise_gaussian_x.json",
		"materials/workshop/3423233441/effects/blur_precise_gaussian_y.json",
		"shaders/workshop/3423233441/effects/blur_precise_gaussian.frag",
		"shaders/workshop/3423233441/effects/blur_precise_gaussian.vert"
	],
	"description" : "ui_editor_effect_blur_precise_description",
	"group" : "blur",
	"name" : "ui_editor_effect_blur_precise_title",
	"passes" : 
	[
		{
			"compose" : true,
			"material" : "materials/workshop/3423233441/effects/blur_precise_gaussian_x.json"
		},
		{
			"material" : "materials/workshop/3423233441/effects/blur_precise_gaussian_y.json"
		}
	],
	"preview" : "preview/project.json",
	"replacementkey" : "blur_precise",
	"version" : 1
}