{
	"dependencies" : 
	[
		"materials/workshop/3624404304/effects/waterflow.json",
		"materials/workshop/3624404304/effects/waterflowphase.png",
		"materials/workshop/3624404304/effects/waterflowphase.tex-json",
		"shaders/workshop/3624404304/effects/waterflow.frag",
		"shaders/workshop/3624404304/effects/waterflow.vert"
	],
	"description" : "ui_editor_effect_water_flow_description",
	"group" : "animate",
	"name" : "ui_editor_effect_water_flow_title",
	"passes" : 
	[
		{
			"material" : "materials/workshop/3624404304/effects/waterflow.json"
		}
	],
	"preview" : "preview/project.json",
	"replacementkey" : "waterflow",
	"version" : 1
}