{
	"dependencies" : 
	[
		"materials/workshop/3624404304/effects/fluidsimulation_advection.json",
		"materials/workshop/3624404304/effects/fluidsimulation_advection_dye.json",
		"materials/workshop/3624404304/effects/fluidsimulation_clear.json",
		"materials/workshop/3624404304/effects/fluidsimulation_combine.json",
		"materials/workshop/3624404304/effects/fluidsimulation_curl.json",
		"materials/workshop/3624404304/effects/fluidsimulation_divergence.json",
		"materials/workshop/3624404304/effects/fluidsimulation_gradientsubtract.json",
		"materials/workshop/3624404304/effects/fluidsimulation_pressure.json",
		"materials/workshop/3624404304/effects/fluidsimulation_vorticity.json",
		"materials/workshop/3624404304/effects/fluidsimulation_normal.json",
		"shaders/workshop/3624404304/effects/fluidsimulation_advection.frag",
		"shaders/workshop/3624404304/effects/fluidsimulation_advection.vert",
		"shaders/workshop/3624404304/effects/fluidsimulation_clear.frag",
		"shaders/workshop/3624404304/effects/fluidsimulation_clear.vert",
		"shaders/workshop/3624404304/effects/fluidsimulation_combine.frag",
		"shaders/workshop/3624404304/effects/fluidsimulation_combine.vert",
		"shaders/workshop/3624404304/effects/fluidsimulation_curl.frag",
		"shaders/workshop/3624404304/effects/fluidsimulation_curl.vert",
		"shaders/workshop/3624404304/effects/fluidsimulation_divergence.frag",
		"shaders/workshop/3624404304/effects/fluidsimulation_divergence.vert",
		"shaders/workshop/3624404304/effects/fluidsimulation_gradientsubtract.frag",
		"shaders/workshop/3624404304/effects/fluidsimulation_gradientsubtract.vert",
		"shaders/workshop/3624404304/effects/fluidsimulation_pressure.frag",
		"shaders/workshop/3624404304/effects/fluidsimulation_pressure.vert",
		"shaders/workshop/3624404304/effects/fluidsimulation_vorticity.frag",
		"shaders/workshop/3624404304/effects/fluidsimulation_vorticity.vert",
		"shaders/workshop/3624404304/effects/fluidsimulation_normal.frag",
		"shaders/workshop/3624404304/effects/fluidsimulation_normal.vert"
	],
	"description" : "ui_editor_effect_advanced_fluid_simulation_description",
	"fbos" : 
	[
		{
			"clear" : "0 0 0 0",
			"fit" : 256,
			"format" : "rg1616f",
			"name" : "_rt_SmokeVelocity1",
			"unique" : true
		},
		{
			"clear" : "0 0 0 0",
			"fit" : 256,
			"format" : "rg1616f",
			"name" : "_rt_SmokeVelocity2",
			"unique" : true
		},
		{
			"clear" : "0 0 0 0",
			"fit" : 256,
			"format" : "r16f",
			"name" : "_rt_SmokePressure1",
			"unique" : true
		},
		{
			"clear" : "0 0 0 0",
			"fit" : 256,
			"format" : "r16f",
			"name" : "_rt_SmokePressure2",
			"unique" : true
		},
		{
			"fit" : 256,
			"format" : "r16f",
			"name" : "_rt_SmokeDivergence",
			"unique" : true
		},
		{
			"fit" : 256,
			"format" : "r16f",
			"name" : "_rt_SmokeCurl",
			"unique" : true
		},
		{
			"clear" : "0 0 0 0",
			"format" : "rgba_backbuffer",
			"name" : "_rt_SmokeDye1",
			"scale" : 2,
			"unique" : true
		},
		{
			"clear" : "0 0 0 0",
			"format" : "rgba_backbuffer",
			"name" : "_rt_SmokeDye2",
			"scale" : 2,
			"unique" : true
		},
		{
			"conditions" : 
			[
				{
					"LIGHTING" : 1
				}
			],
			"format" : "rgba8888",
			"name" : "_rt_SmokeNormal",
			"scale" : 2
		}
	],
	"functions" : 
	{
		"clearDye" : 
		{
			"action" : "clear",
			"fbos" : [ "_rt_SmokeDye1", "_rt_SmokeDye2" ]
		},
		"clearVelocity" : 
		{
			"action" : "clear",
			"fbos" : [ "_rt_SmokeVelocity1", "_rt_SmokeVelocity2" ]
		}
	},
	"gizmos" : 
	[
		{
			"condition" : 
			{
				"POINTEMITTER" : 
				{
					"op" : "ge",
					"value" : 1
				}
			},
			"type" : "EffectPointEmitter",
			"vars" : 
			{
				"angle" : "emitterAngle0",
				"center" : "emitterPos0",
				"size" : "emitterSize0",
				"speed" : "emitterSpeed0"
			}
		},
		{
			"condition" : 
			{
				"POINTEMITTER" : 
				{
					"op" : "ge",
					"value" : 2
				}
			},
			"type" : "EffectPointEmitter",
			"vars" : 
			{
				"angle" : "emitterAngle1",
				"center" : "emitterPos1",
				"size" : "emitterSize1",
				"speed" : "emitterSpeed1"
			}
		},
		{
			"condition" : 
			{
				"POINTEMITTER" : 
				{
					"op" : "ge",
					"value" : 3
				}
			},
			"type" : "EffectPointEmitter",
			"vars" : 
			{
				"angle" : "emitterAngle2",
				"center" : "emitterPos2",
				"size" : "emitterSize2",
				"speed" : "emitterSpeed2"
			}
		},
		{
			"condition" : 
			{
				"POINTEMITTER" : 
				{
					"op" : "ge",
					"value" : 4
				}
			},
			"type" : "EffectPointEmitter",
			"vars" : 
			{
				"angle" : "emitterAngle3",
				"center" : "emitterPos3",
				"size" : "emitterSize3",
				"speed" : "emitterSpeed3"
			}
		},
		{
			"condition" : 
			{
				"LINEEMITTER" : 
				{
					"op" : "ge",
					"value" : 1
				}
			},
			"type" : "EffectLineEmitter",
			"vars" : 
			{
				"angle" : "lineEmitterAngle0",
				"p0" : "lineEmitterPosA0",
				"p1" : "lineEmitterPosB0",
				"size" : "lineEmitterSize0",
				"speed" : "lineEmitterSpeed0"
			}
		},
		{
			"condition" : 
			{
				"LINEEMITTER" : 
				{
					"op" : "ge",
					"value" : 2
				}
			},
			"type" : "EffectLineEmitter",
			"vars" : 
			{
				"angle" : "lineEmitterAngle1",
				"p0" : "lineEmitterPosA1",
				"p1" : "lineEmitterPosB1",
				"size" : "lineEmitterSize1",
				"speed" : "lineEmitterSpeed1"
			}
		},
		{
			"condition" : 
			{
				"LINEEMITTER" : 
				{
					"op" : "ge",
					"value" : 3
				}
			},
			"type" : "EffectLineEmitter",
			"vars" : 
			{
				"angle" : "lineEmitterAngle2",
				"p0" : "lineEmitterPosA2",
				"p1" : "lineEmitterPosB2",
				"size" : "lineEmitterSize2",
				"speed" : "lineEmitterSpeed2"
			}
		},
		{
			"condition" : 
			{
				"PERSPECTIVE" : 1
			},
			"type" : "EffectPerspectiveUV",
			"vars" : 
			{
				"p0" : "point0",
				"p1" : "point1",
				"p2" : "point2",
				"p3" : "point3"
			}
		}
	],
	"group" : "interactive",
	"name" : "ui_editor_effect_advanced_fluid_simulation_title",
	"passes" : 
	[
		{
			"bind" : 
			[
				{
					"index" : 0,
					"name" : "_rt_SmokeVelocity1"
				}
			],
			"material" : "materials/workshop/3624404304/effects/fluidsimulation_curl.json",
			"target" : "_rt_SmokeCurl"
		},
		{
			"bind" : 
			[
				{
					"index" : 0,
					"name" : "_rt_SmokeVelocity1"
				},
				{
					"index" : 1,
					"name" : "_rt_SmokeCurl"
				}
			],
			"material" : "materials/workshop/3624404304/effects/fluidsimulation_vorticity.json",
			"target" : "_rt_SmokeVelocity2"
		},
		{
			"bind" : 
			[
				{
					"index" : 0,
					"name" : "_rt_SmokeVelocity2"
				}
			],
			"material" : "materials/workshop/3624404304/effects/fluidsimulation_divergence.json",
			"target" : "_rt_SmokeDivergence"
		},
		{
			"bind" : 
			[
				{
					"index" : 0,
					"name" : "_rt_SmokePressure1"
				}
			],
			"material" : "materials/workshop/3624404304/effects/fluidsimulation_clear.json",
			"target" : "_rt_SmokePressure2"
		},
		{
			"bind" : 
			[
				{
					"index" : 0,
					"name" : "_rt_SmokeDivergence"
				},
				{
					"index" : 1,
					"name" : "_rt_SmokePressure2"
				}
			],
			"material" : "materials/workshop/3624404304/effects/fluidsimulation_pressure.json",
			"target" : "_rt_SmokePressure1"
		},
		{
			"bind" : 
			[
				{
					"index" : 0,
					"name" : "_rt_SmokeDivergence"
				},
				{
					"index" : 1,
					"name" : "_rt_SmokePressure1"
				}
			],
			"material" : "materials/workshop/3624404304/effects/fluidsimulation_pressure.json",
			"target" : "_rt_SmokePressure2"
		},
		{
			"bind" : 
			[
				{
					"index" : 0,
					"name" : "_rt_SmokeDivergence"
				},
				{
					"index" : 1,
					"name" : "_rt_SmokePressure2"
				}
			],
			"material" : "materials/workshop/3624404304/effects/fluidsimulation_pressure.json",
			"target" : "_rt_SmokePressure1"
		},
		{
			"bind" : 
			[
				{
					"index" : 0,
					"name" : "_rt_SmokeDivergence"
				},
				{
					"index" : 1,
					"name" : "_rt_SmokePressure1"
				}
			],
			"material" : "materials/workshop/3624404304/effects/fluidsimulation_pressure.json",
			"target" : "_rt_SmokePressure2"
		},
		{
			"bind" : 
			[
				{
					"index" : 0,
					"name" : "_rt_SmokeDivergence"
				},
				{
					"index" : 1,
					"name" : "_rt_SmokePressure2"
				}
			],
			"material" : "materials/workshop/3624404304/effects/fluidsimulation_pressure.json",
			"target" : "_rt_SmokePressure1"
		},
		{
			"bind" : 
			[
				{
					"index" : 0,
					"name" : "_rt_SmokeDivergence"
				},
				{
					"index" : 1,
					"name" : "_rt_SmokePressure1"
				}
			],
			"material" : "materials/workshop/3624404304/effects/fluidsimulation_pressure.json",
			"target" : "_rt_SmokePressure2"
		},
		{
			"bind" : 
			[
				{
					"index" : 0,
					"name" : "_rt_SmokeDivergence"
				},
				{
					"index" : 1,
					"name" : "_rt_SmokePressure2"
				}
			],
			"material" : "materials/workshop/3624404304/effects/fluidsimulation_pressure.json",
			"target" : "_rt_SmokePressure1"
		},
		{
			"bind" : 
			[
				{
					"index" : 0,
					"name" : "_rt_SmokeDivergence"
				},
				{
					"index" : 1,
					"name" : "_rt_SmokePressure1"
				}
			],
			"material" : "materials/workshop/3624404304/effects/fluidsimulation_pressure.json",
			"target" : "_rt_SmokePressure2"
		},
		{
			"bind" : 
			[
				{
					"index" : 0,
					"name" : "_rt_SmokeDivergence"
				},
				{
					"index" : 1,
					"name" : "_rt_SmokePressure2"
				}
			],
			"material" : "materials/workshop/3624404304/effects/fluidsimulation_pressure.json",
			"target" : "_rt_SmokePressure1"
		},
		{
			"bind" : 
			[
				{
					"index" : 0,
					"name" : "_rt_SmokePressure1"
				},
				{
					"index" : 1,
					"name" : "_rt_SmokeVelocity2"
				}
			],
			"material" : "materials/workshop/3624404304/effects/fluidsimulation_gradientsubtract.json",
			"target" : "_rt_SmokeVelocity1"
		},
		{
			"bind" : 
			[
				{
					"index" : 0,
					"name" : "_rt_SmokeVelocity1"
				},
				{
					"index" : 1,
					"name" : "_rt_SmokeVelocity1"
				}
			],
			"material" : "materials/workshop/3624404304/effects/fluidsimulation_advection.json",
			"target" : "_rt_SmokeVelocity2"
		},
		{
			"bind" : 
			[
				{
					"index" : 0,
					"name" : "_rt_SmokeVelocity2"
				},
				{
					"index" : 1,
					"name" : "_rt_SmokeDye1"
				},
				{
					"index" : 2,
					"name" : "previous"
				}
			],
			"material" : "materials/workshop/3624404304/effects/fluidsimulation_advection_dye.json",
			"target" : "_rt_SmokeDye2"
		},
		{
			"bind" : 
			[
				{
					"index" : 0,
					"name" : "_rt_SmokeDye2"
				}
			],
			"conditions" : 
			[
				{
					"LIGHTING" : 1
				}
			],
			"material" : "materials/workshop/3624404304/effects/fluidsimulation_normal.json",
			"target" : "_rt_SmokeNormal"
		},
		{
			"bind" : 
			[
				{
					"index" : 0,
					"name" : "_rt_SmokeDye2"
				},
				{
					"index" : 1,
					"name" : "previous"
				},
				{
					"conditions" : 
					[
						{
							"LIGHTING" : 1
						}
					],
					"index" : 2,
					"name" : "_rt_SmokeNormal"
				},
				{
					"conditions" : 
					[
						{
							"RENDERING" : 3
						}
					],
					"index" : 4,
					"name" : "_rt_SmokeVelocity2"
				}
			],
			"material" : "materials/workshop/3624404304/effects/fluidsimulation_combine.json"
		},
		{
			"command" : "swap",
			"source" : "_rt_SmokeVelocity1",
			"target" : "_rt_SmokeVelocity2"
		},
		{
			"command" : "swap",
			"source" : "_rt_SmokeDye1",
			"target" : "_rt_SmokeDye2"
		}
	],
	"performance" : "veryexpensive",
	"preview" : "preview/project.json",
	"replacementkey" : "fluidsimulation",
	"version" : 1
}